[ {
  "nombre" : "Matricula",
  "tipo" : "String",
  "esIdentificadorUnico" : true,
  "requerido" : true
}, {
  "nombre" : "Nombre",
  "tipo" : "String",
  "esIdentificadorUnico" : false,
  "requerido" : true
}, {
  "nombre" : "Apellidos",
  "tipo" : "String",
  "esIdentificadorUnico" : false,
  "requerido" : true
}, {
  "nombre" : "Edad",
  "tipo" : "Integer",
  "esIdentificadorUnico" : false,
  "requerido" : true
}, {
  "nombre" : "Materia",
  "tipo" : "String",
  "esIdentificadorUnico" : false,
  "requerido" : true
}, {
  "nombre" : "Grupo",
  "tipo" : "String",
  "esIdentificadorUnico" : false,
  "requerido" : true
}, {
  "nombre" : "Grado",
  "tipo" : "Integer",
  "esIdentificadorUnico" : false,
  "requerido" : true
} ]